id_parroq;nparroq
010150;CUENCA
010151;BAÑOS
010152;CUMBE
010153;CHAUCHA
010154;CHECA (JIDCAY)
010155;CHIQUINTAD
010156;LLACAO
010157;MOLLETURO
010158;NULTI
010159;OCTAVIO CORDERO PALACIOS (STA. ROSA)
010160;PACCHA
010161;QUINGEO
010162;RICAURTE
010163;SAN JOAQUIN
010164;SANTA ANA
010165;SAYAUSI
010166;SIDCAY
010167;SININCAY
010168;TARQUI
010169;TURI
010170;VALLE
010171;VICTORIA DEL PORTETE (IRQUIS)
010250;GIRON
010251;ASUNCION
010252;SAN GERARDO
010350;GUALACEO
010352;DANIEL CORDOVA TORAL (EL ORIENTE)
010353;JADAN
010354;MARIANO MORENO
010356;REMIGIO CRESPO TORAL (GULAG)
010357;SAN JUAN
010358;ZHIDMAD
010359;LUIS CORDERO VEGA
010360;SIMON BOLIVAR (CAB. EN GAÑANZOL)
010450;NABON
010451;COCHAPATA
010452;EL PROGRESO (CAB. EN ZHOTA)
010453;LAS NIEVES (CHAYA)
010550;PAUTE
010552;BULAN (JOSE VICTOR IZQUIERDO)
010553;CHICAN (GUILLERMO ORTEGA)
010554;EL CABO
010556;GUARAINAG
010559;SAN CRISTOBAL (CARLOS ORDOÑEZ LAZO)
010561;TOMEBAMBA
010562;DUG DUG
010650;PUCARA
010652;SAN RAFAEL DE SHARUG
010750;SAN FERNANDO
010751;CHUMBLIN
010850;SANTA ISABEL (CHAGUARURCO)
010851;ABDON CALDERON (LA UNION)
011551;EL CARMEN DE PIJILI
010853;ZHAGLLI (SHAGLLI )
010854;SAN SALVADOR DE CAÑARIBAMBA
010950;SIGSIG
010951;CUCHIL (CUTCHIL)
010952;GIMA
010953;GUEL
010954;LUDO
010955;SAN BARTOLOME
010956;SAN JOSE DE RARANGA
011050;SAN FELIPE DE OÑA
011051;SUSUDEL
011150;CHORDELEG
011151;PRINCIPAL
011152;LA UNION
011153;LUIS GALARZA ORELLANA (CAB. EN DELEGSOL)
011154;SAN MARTIN DE PUZHIO
011250;EL PAN
011253;SAN VICENTE
011350;SEVILLA DE ORO
011351;AMALUZA
011352;PALMAS
011450;GUACHAPALA
011550;CAMILO PONCE ENRIQUEZ
020150;GUARANDA
020151;FACUNDO VELA
020153;JULIO MORENO (CATANAHUAN GRANDE)
020155;SALINAS
020156;SAN LORENZO
020157;SAN SIMON (YACOTO)
020158;SANTA FE (SANTA FE)
020159;SIMIATUG
020160;SAN LUIS DE PAMBIL
020250;CHILLANES
020251;SAN JOSE DEL TAMBO (TAMBOPAMBA)
020350;SAN JOSE DE CHIMBO
020351;ASUNCION (ASANCOTO)
020353;MAGDALENA (CHAPACOTO)
020354;SAN SEBASTIAN
020355;TELIMBELA
020450;ECHEANDIA
020550;SAN MIGUEL
020551;BALSAPAMBA
020552;BILOVAN
020553;REGULO DE MORA
020554;SAN PABLO (SAN PABLO DE ATENAS)
020555;SANTIAGO
020556;SAN VICENTE
020650;CALUMA
020750;LAS NAVES
030150;AZOGUES
030151;COJITAMBO
030153;GUAPAN
030154;JAVIER LOYOLA (CHUQUIPATA)
030155;LUIS CORDERO
030156;PINDILIG
030157;RIVERA
030158;SAN MIGUEL
030160;TADAY
030250;BIBLIAN
030251;NAZON (CAB. EN PAMPA DE DOMINGUEZ)
030252;SAN FRANCISCO DE SAGEO
030253;TURUPAMBA
030254;JERUSALEN
030350;CAÑAR
030351;CHONTAMARCA
030352;CHOROCOPTE
030353;GENERAL MORALES (SOCARTE)
030354;GUALLETURO
030355;HONORATO VASQUEZ (TAMBO VIEJO)
030356;INGAPIRCA
030357;JUNCAL
030358;SAN ANTONIO
030361;ZHUD
030362;VENTURA
030363;DUCUR
030450;LA TRONCAL
030451;MANUEL J. CALLE
030452;PANCHO NEGRO
030550;EL TAMBO
030650;DELEG
030651;SOLANO
030750;SUSCAL
040150;TULCAN
040151;EL CARMELO (EL PUN)
040153;JULIO ANDRADE (OREJUELA)
040154;MALDONADO
040155;PIOTER
040156;TOBAR DONOSO (LA BOCANA DE CAMUMBI)
040157;TUFIÑO
040158;URBINA (TAYA)
040159;EL CHICAL
040161;SANTA MARTHA DE CUBA
040250;BOLIVAR
040251;GARCIA MORENO
040252;LOS ANDES
040253;MONTE OLIVO
040254;SAN VICENTE DE PUSIR
040255;SAN RAFAEL
040350;EL ANGEL
040351;EL GOALTAL
040352;LA LIBERTAD (ALIZO)
040353;SAN ISIDRO
040450;MIRA (CHONTAHUASI)
040451;CONCEPCION
040452;JIJON Y CAAMAÑO (CAB. EN RIO BLANCO)
040453;JUAN MONTALVO (SAN IGNACIO DE QUIL)
040550;SAN GABRIEL
040551;CRISTOBAL COLON
040552;CHITAN DE NAVARRETE
040553;FERNANDEZ SALVADOR
040554;LA PAZ
040555;PIARTAL
040650;HUACA
040651;MARISCAL SUCRE
050150;LATACUNGA
050151;ALAQUES (ALAQUEZ)
050152;BELISARIO QUEVEDO (GUANAILIN)
050153;GUAITACAMA (GUAYTACAMA)
050154;JOSEGUANGO BAJO
050156;MULALO
050157;11 DE NOVIEMBRE (ILINCHISI)
050158;POALO
050159;SAN JUAN DE PASTOCALLE
050161;TANICUCHI
050162;TOACASO
050250;LA MANA
050251;GUASAGANDA (CAB. EN GUASAGANDA CENTRO)
050252;PUCAYACU
050350;EL CORAZON
050351;MORASPUNGO
050352;PINLLOPATA
050353;RAMON CAMPAÑA
050450;PUJILI
050451;ANGAMARCA
050453;GUANGAJE
050455;LA VICTORIA
050456;PILALO
050457;TINGO
050458;ZUMBAHUA
050550;SAN MIGUEL
050551;ANTONIO JOSE HOLGUIN (SANTA LUCIA)
050552;CUSUBAMBA
050553;MULALILLO
050554;MULLIQUINDIL (SANTA ANA)
050555;PANSALEO
050650;SAQUISILI
050651;CANCHAGUA
050652;CHANTILIN
050653;COCHAPAMBA
050750;SIGCHOS
050751;CHUGCHILLAN
050752;ISINLIVI
050753;LAS PAMPAS
050754;PALO QUEMADO
060150;RIOBAMBA
060151;CACHA (CAB. EN MACHANGARA)
060152;CALPI
060153;CUBIJIES
060154;FLORES
060155;LICAN
060156;LICTO
060157;PUNGALA
060158;PUNIN
060159;QUIMIAG
060160;SAN JUAN
060161;SAN LUIS
060250;ALAUSI
060251;ACHUPALLAS
060253;GUASUNTOS
060254;HUIGRA
060255;MULTITUD
060256;PISTISHI (NARIZ DEL DIABLO)
060257;PUMALLACTA
060258;SEVILLA
060259;SIBAMBE
060260;TIXAN
060350;VILLA LA UNION (CAJABAMBA)
060351;CAÑI
060352;COLUMBE
060353;JUAN DE VELASCO (PANGOR)
060354;SANTIAGO DE QUITO (CAB. EN SAN ANTONIO DE QUITO)
060450;CHAMBO
060550;CHUNCHI
060551;CAPZOL
060552;COMPUD
060553;GONZOL
060554;LLAGOS
060650;GUAMOTE
060651;CEBADAS
060652;PALMIRA
060750;GUANO
060751;GUANANDO
060752;ILAPO
060753;LA PROVIDENCIA
060754;SAN ANDRES
060755;SAN GERARDO DE PACAICAGUAN
060756;SAN ISIDRO DE PATULU
060757;SAN JOSE DEL CHAZO
060758;SANTA FE DE GALAN
060759;VALPARAISO
060850;PALLATANGA
060950;PENIPE
060951;EL ALTAR
060952;MATUS
060953;PUELA
060954;SAN ANTONIO DE BAYUSHIG
060955;LA CANDELARIA
060956;BILBAO (CAB. EN QUILLUYACU)
061050;CUMANDA
070150;MACHALA
070152;EL RETIRO
070250;ARENILLAS
070251;CHACRAS
070254;PALMALES
070255;CARCABON
070350;PACCHA
070351;AYAPAMBA
070352;CORDONCILLO
070353;MILAGRO
070354;SAN JOSE
070355;SAN JUAN DE CERRO AZUL
070450;BALSAS
070451;BELLAMARIA
070550;CHILLA
070650;EL GUABO
070651;BARBONES (SUCRE)
070652;LA IBERIA
070653;TENDALES (CAB. EN PUERTO TENDALES)
070654;RIO BONITO
070750;HUAQUILLAS
070850;MARCABELI
070851;EL INGENIO
070950;PASAJE
070951;BUENAVISTA
070952;CASACAY
070953;LA PEAÑA
070954;PROGRESO
070955;UZHCURRUMI
070956;CAÑAQUEMADA
071050;PIÑAS
071051;CAPIRO (CAB. EN LA CAPILLA DE CAPIRO)
071052;LA BOCANA
071053;MOROMORO (CAB. EN EL VADO)
071054;PIEDRAS
071055;SAN ROQUE (AMBROSIO MALDONADO)
071056;SARACAY
071150;PORTOVELO
071151;CURTINCAPA
071152;MORALES
071153;SALATI
071250;SANTA ROSA
071251;BELLAVISTA
071252;JAMBELI
071253;LA AVANZADA
071254;SAN ANTONIO
071255;TORATA
071256;VICTORIA
071257;BELLAMARIA
071350;ZARUMA
071351;ABAÑIN
071352;ARCAPAMBA
071353;GUANAZAN
071354;GUIZHAGUIÑA
071355;HUERTAS
071356;MALVAS
071357;MULUNCAY GRANDE
071358;SINSAO
071359;SALVIAS
071450;LA VICTORIA
071451;LA LIBERTAD
071452;EL PARAISO
071453;SAN ISIDRO
080150;ESMERALDAS
080152;CAMARONES (CAB. EN SAN VICENTE)
080153;CORONEL CARLOS CONCHA TORRES (CAB. EN HUELE)
080154;CHINCA
080159;MAJUA
080163;SAN MATEO
080165;TABIAZO
080166;TACHINA
080168;VUELTA LARGA
080250;VALDEZ (LIMONES)
080251;ANCHAYACU
080252;ATAHUALPA (CAB. EN CAMARONES)
080253;BORBON
080254;LA TOLA
080255;LUIS VARGAS TORRES (CAB. EN PLAYA DE ORO)
080256;MALDONADO
080257;PAMPANAL DE BOLIVAR
080258;SAN FRANCISCO DE ONZOLE
080259;SANTO DOMINGO DE ONZOLE
080260;SELVA ALEGRE
080261;TELEMBI
080262;COLON ELOY DEL MARIA
080263;SAN JOSE DE CAYAPAS
080264;TIMBIRE
080265;SANTA LUCIA DE LAS PEÑAS
080350;MUISNE
080351;BOLIVAR
080352;DAULE
080353;GALERA
080354;QUINGUE (OLMEDO PERDOMO FRANCO)
080355;SALIMA
080356;SAN FRANCISCO
080357;SAN GREGORIO
080358;SAN JOSE DE CHAMANGA
080450;ROSA ZARATE (QUININDE)
080451;CUBE
080452;CHURA (CHANCAMA) (CAB. EN EL YERBERO)
080453;MALIMPIA
080454;VICHE
080455;LA UNION
080550;SAN LORENZO
080551;ALTO TAMBO (CAB EN GUADUAL)
080552;ANCON (PICHANGAL) (CAB. EN PALMA REAL)
080553;CALDERON
080554;CARONDELET
080555;5 DE JUNIO (CAB. EN UIMBI)
080556;CONCEPCION
080557;MATAJE (CAB. EN SANTANDER)
080558;SAN JAVIER DE CACHAVI (CAB. EN SAN JAVIER)
080559;SANTA RITA
080560;TAMBILLO
080561;TULULBI (CAB. EN RICAURTE)
080562;URBINA
080650;ATACAMES
080651;LA UNION
080652;SUA (CAB. EN LA BOCANA)
080653;TONCHIGUE
080654;TONSUPA
080750;RIOVERDE
080751;CHONTADURO
080752;CHUMUNDE
080753;LAGARTO
080754;MONTALVO (CAB EN HORQUETA)
080755;ROCAFUERTE
080850;LA CONCORDIA
090150;GUAYAQUIL
090152;JUAN GOMEZ RENDON (PROGRESO)
090153;MORRO
090156;POSORJA
090157;PUNA
090158;TENGUEL
090250;ALFREDO BAQUERIZO MORENO (JUJAN)
090350;BALAO
090450;BALZAR
090550;COLIMES
090551;SAN JACINTO
090650;DAULE
090652;JUAN BAUTISTA AGUIRRE (LOS TINTOS)
090653;LAUREL
090654;LIMONAL
090656;LOS LOJAS (ENRIQUE BAQUERIZO MORENO)
090750;ELOY ALFARO (DURAN)
090850;VELASCO IBARRA (CAB. EL EMPALME)
090851;GUAYAS (PUEBLO NUEVO)
090852;EL ROSARIO
090950;EL TRIUNFO
091050;MILAGRO
091051;CHOBO
091053;MARISCAL SUCRE (HUAQUES)
091054;ROBERTO ASTUDILLO (CAB. EN CRUCE DE VENECIA)
091150;NARANJAL
091151;JESUS MARIA
091152;SAN CARLOS
091153;SANTA ROSA DE FLANDES
091154;TAURA
091250;NARANJITO
091350;PALESTINA
091450;PEDRO CARBO
091451;VALLE DE LA VIRGEN
091452;SABANILLA
091650;SAMBORONDON
091651;TARIFA
091850;SANTA LUCIA
091950;EL SALITRE (LAS RAMAS)
091951;GENERAL VERNAZA (DOS ESTEROS)
091952;LA VICTORIA (ÑAUZA)
091953;JUNQUILLAL
092050;SAN JACINTO DE YAGUACHI
092053;GENERAL PEDRO J. MONTERO (BOLICHE)
092055;YAGUACHI VIEJO (CONE)
092056;VIRGEN DE FATIMA
092150;GENERAL VILLAMIL (PLAYAS)
092250;SIMON BOLIVAR
092251;CORONEL LORENZO DE GARAICOA (PEDREGAL)
092350;CORONEL MARCELINO MARIDUEÑA (SAN CARLOS)
092450;LOMAS DE SARGENTILLO
092550;NARCISA DE JESUS
092750;GENERAL ANTONIO ELIZALDE (BUCAY)
092850;ISIDRO AYORA
100150;SAN MIGUEL DE IBARRA
100151;AMBUQUI
100152;ANGOCHAGUA
100153;CAROLINA
100154;LA ESPERANZA
100155;LITA
100156;SALINAS
100157;SAN ANTONIO
100250;ATUNTAQUI
100251;IMBAYA (SAN LUIS DE COBUENDO)
100252;SAN FRANCISCO DE NATABUELA
100253;SAN JOSE DE CHALTURA
100254;SAN ROQUE
100350;COTACACHI
100351;APUELA
100352;GARCIA MORENO (LLURIMAGUA)
100353;IMANTAG
100354;PEÑAHERRERA
100355;PLAZA GUTIERREZ (CALVARIO)
100356;QUIROGA
100357;6 DE JULIO DE CUELLAJE (CAB. EN CUELLAJE)
100358;VACAS GALINDO (EL CHURO) (CAB. EN SAN MIGUEL ALTO)
100450;OTAVALO
100451;DOCTOR MIGUEL EGAS CABEZAS (PEGUCHE)
100452;EUGENIO ESPEJO (CALPAQUI)
100453;GONZALEZ SUAREZ
100454;PATAQUI
100455;SAN JOSE DE QUICHINCHE
100456;SAN JUAN DE ILUMAN
100457;SAN PABLO
100458;SAN RAFAEL
100459;SELVA ALEGRE (CAB. EN SAN MIGUEL DE PAMPLONA)
100550;PIMAMPIRO
100551;CHUGA
100552;MARIANO ACOSTA
100553;SAN FRANCISCO DE SIGSIPAMBA
100650;URCUQUI
100651;CAHUASQUI
100652;LA MERCED DE BUENOS AIRES
100653;PABLO ARENAS
100654;SAN BLAS
100655;TUMBABIRO
110150;LOJA
110151;CHANTACO
110152;CHUQUIRIBAMBA
110153;EL CISNE
110154;GUALEL
110155;JIMBILLA
110156;MALACATOS (VALLADOLID)
110157;SAN LUCAS
110158;SAN PEDRO DE VILCABAMBA
110159;SANTIAGO
110160;TAQUIL (MIGUEL RIOFRIO)
110161;VILCABAMBA (VICTORIA)
110162;YANGANA (ARSENIO CASTILLO)
110163;QUINARA
110250;CARIAMANGA
110251;COLAISACA
110252;EL LUCERO
110253;UTUANA
110254;SANGUILLIN
110350;CATAMAYO (LA TOMA)
110351;EL TAMBO
110352;GUAYQUICHUMA
110353;SAN PEDRO DE LA BENDITA
110354;ZAMBI
110450;CELICA
110451;CRUZPAMBA (CAB EN CARLOS BUSTAMANTE)
110455;POZUL (SAN JUAN DE POZUL)
110456;SABANILLA
110457;TENIENTE MAXIMILIANO RODRIGUEZ LOAIZA
110550;CHAGUARPAMBA
110551;BUENAVISTA
110552;EL ROSARIO
110553;SANTA RUFINA
110554;AMARILLOS
110650;AMALUZA
110651;BELLAVISTA
110652;JIMBURA
110653;SANTA TERESITA
110654;27 DE ABRIL (CAB. EN LA NARANJA)
110655;EL INGENIO
110656;EL AIRO
110750;GONZANAMA
110751;CHANGAIMINA (LA LIBERTAD)
110753;NAMBACOLA
110754;PURUNUMA (EGUIGUREN)
110756;SACAPALCA
110850;MACARA
110851;LARAMA
110852;LA VICTORIA
110853;SABIANGO (LA CAPILLA)
110950;CATACOCHA
110951;CANGONAMA
110952;GUACHANAMA
110954;LAURO GUERRERO
110956;ORIANGA
110957;SAN ANTONIO
110958;CASANGA
110959;YAMANA
111050;ALAMOR
111051;CIANO
111052;EL ARENAL
111053;EL LIMO (MARIANA DE JESUS)
111054;MERCADILLO
111055;VICENTINO
111150;SARAGURO
111151;EL PARAISO DE CELEN
111152;EL TABLON
111153;LLUZHAPA
111154;MANU
111155;SAN ANTONIO DE QUMBE (CUMBE)
111156;SAN PABLO DE TENTA
111157;SAN SEBASTIAN DE YULUC
111158;SELVA ALEGRE
111159;URDANETA (PAQUISHAPA)
111160;SUMAYPAMBA
111250;SOZORANGA
111251;NUEVA FATIMA
111252;TACAMOROS
111350;ZAPOTILLO
111351;MANGAHURCO
111352;GARZAREAL
111353;LIMONES
111354;PALETILLAS
111355;BOLASPAMBA
111356;CAZADEROS
111450;PINDAL
111451;CHAQUINAL
111452;12 DE DICIEMBRE (CAB. EN ACHIOTES)
111453;MILAGROS
111550;QUILANGA
111551;FUNDOCHAMBA
111552;SAN ANTONIO DE LAS ARADAS (CAB. EN LAS ARADAS)
111650;OLMEDO
111651;LA TINGUE
120150;BABAHOYO
120152;CARACOL
120153;FEBRES CORDERO (LAS JUNTAS)
120154;PIMOCHA
120155;LA UNION
120250;BABA
120251;GUARE
120252;ISLA DE BEJUCAL
120350;MONTALVO
120351;LA ESMERALDA
120450;PUEBLOVIEJO
120451;PUERTO PECHICHE
120452;SAN JUAN
120550;QUEVEDO
120553;SAN CARLOS
120555;LA ESPERANZA
120650;CATARAMA
120651;RICAURTE
120750;VENTANAS
120752;ZAPOTAL
120753;CHACARITA
120754;LOS ANGELES
120850;VINCES
120851;ANTONIO SOTOMAYOR (CAB. EN PLAYAS DE VINCES)
120950;PALENQUE
121050;SAN JACINTO DE BUENA FE
121051;PATRICIA PILAR
121150;VALENCIA
121250;MOCACHE
121350;QUINSALOMA
130150;PORTOVIEJO
130151;ABDON CALDERON (SAN FRANCISCO)
130152;ALHAJUELA (BAJO GRANDE)
130153;CRUCITA
130154;PUEBLO NUEVO
130155;RIOCHICO (RIO CHICO)
130156;SAN PLACIDO
130157;CHIRIJOS
130250;CALCETA
130251;MEMBRILLO
130252;QUIROGA
130350;CHONE
130351;BOYACA
130352;CANUTO
130353;CONVENTO
130354;CHIBUNGA
130355;ELOY ALFARO
130356;RICAURTE
130357;SAN ANTONIO
130450;EL CARMEN
130451;WILFRIDO LOOR MOREIRA (MAICITO)
130452;SAN PEDRO DE SUMA
130550;FLAVIO ALFARO
130551;SAN FRANCISCO DE NOVILLO (CAB. EN NOVILLO)
130552;ZAPALLO
130650;JIPIJAPA
130651;AMERICA
130652;EL ANEGADO (CAB. EN ELOY ALFARO)
130653;JULCUY
130654;LA UNION
130656;MEMBRILLAL
130657;PEDRO PABLO GOMEZ
130658;PUERTO DE CAYO
130750;JUNIN
130850;MANTA
130851;SAN LORENZO
130852;SANTA MARIANITA (BOCA DE PACOCHE)
130950;MONTECRISTI
130952;LA PILA
131050;PAJAN
131051;CAMPOZANO (LA PALMA DE PAJAN)
131052;CASCOL
131053;GUALE
131054;LASCANO
131150;PICHINCHA
131151;BARRAGANETE
131152;SAN SEBASTIAN
131250;ROCAFUERTE
131350;SANTA ANA DE VUELTA LARGA
131351;AYACUCHO
131352;HONORATO VASQUEZ (CAB EN VASQUEZ)
131353;LA UNION
131355;SAN PABLO (CAB EN PUEBLO NUEVO)
131450;BAHIA DE CARAQUEZ
131453;CHARAPOTO
131457;SAN ISIDRO
131550;TOSAGUA
131551;BACHILLERO
131552;ANGEL PEDRO GILER (LA ESTANCILLA)
131650;SUCRE
131651;BELLAVISTA
131652;NOBOA
131653;ARQUITECTO SIXTO DURAN BALLEN
131750;PEDERNALES
131751;COJIMIES
131752;DIEZ DE AGOSTO
131753;ATAHUALPA
131850;OLMEDO
131950;PUERTO LOPEZ
131951;MACHALILLA
131952;SALANGO
132050;JAMA
132150;JARAMIJO
132250;SAN VICENTE
132251;CANOA
140150;MACAS
140151;ALSHI (CAB EN 9 DE OCTUBRE)
140153;GENERAL PROAÑO
140156;SAN ISIDRO
140157;SEVILLA DON BOSCO
140158;SINAI
140160;ZUÑA (ZUÑAC)
140162;CUCHAENTZA
140164;RIO BLANCO
140250;GUALAQUIZA
140251;AMAZONAS (ROSARIO DE CUYES)
140252;BERMEJOS
140253;BOMBOIZA
140254;CHIGUINDA
140255;EL ROSARIO
140256;NUEVA TARQUI
140257;SAN MIGUEL DE CUYES
140258;EL IDEAL
140350;GENERAL LEONIDAS PLAZA GUTIERREZ
140351;INDANZA
140353;SAN ANTONIO (CAB EN SAN ANTONIO CENTRO)
140356;SAN MIGUEL DE CONCHAY
140357;STA SUSANA DE CHIVIAZA (CAB EN CHIVIAZA)
140358;YUNGANZA (CAB EN EL ROSARIO)
140450;PALORA (METZERA)
140451;ARAPICOS
140452;CUMANDA (CAB EN COLONIA AGRICOLA SEVILLA DEL ORO)
140454;SANGAY (CAB EN NAYAMANACA)
140455;16 DE AGOSTO
140550;SANTIAGO DE MENDEZ
140551;COPAL
140552;CHUPIANZA
140553;PATUCA
140554;SAN LUIS DE EL ACHO (CAB EN EL ACHO)
140556;TAYUZA
140557;SAN FRANCISCO DE CHINIMBIMI
140650;SUCUA
140651;ASUNCION
140652;HUAMBI
140655;SANTA MARIANITA DE JESUS
140750;HUAMBOYA
140751;CHIGUAZA
140850;SAN JUAN BOSCO
140851;PAN DE AZUCAR
140852;SAN CARLOS DE LIMON
140853;SAN JACINTO DE WAKAMBEIS
140854;SANTIAGO DE PANANZA
140950;TAISHA
140951;HUASAGA (CAB EN WAMPUIK)
140952;MACUMA
140953;TUUTINENTZA
140954;PUMPUENTSA
141050;LOGROÑO
141051;YAUPI
141052;SHIMPIS
141150;PABLO SEXTO
141250;SANTIAGO
141251;SAN JOSE DE MORONA
150150;TENA
150151;AHUANO
150153;CHONTAPUNTA
150154;PANO
150155;PUERTO MISAHUALLI
150156;PUERTO NAPO
150157;TALAG
150158;SAN JUAN DE MUYUNA
150350;ARCHIDONA
150352;COTUNDO
150354;SAN PABLO DE USHPAYACU
150356;HATUN SUMAKU
150450;EL CHACO
150451;GONZALO DIAZ DE PINEDA (EL BOMBON)
150452;LINARES
150453;OYACACHI
150454;SANTA ROSA
150455;SARDINAS
150750;BAEZA
150751;COSANGA
150752;CUYUJA
150753;PAPALLACTA
150754;SAN FRANCISCO DE BORJA (VIRGILIO DAVILA)
150756;SUMACO
150950;CARLOS JULIO AROSEMENA TOLA
160150;PUYO
160152;CANELOS
160154;DIEZ DE AGOSTO
160155;FATIMA
160156;MONTALVO (ANDOAS)
160157;POMONA
160158;RIO CORRIENTES
160159;RIO TIGRE
160161;SARAYACU
160162;SIMON BOLIVAR (CAB. EN MUSHULLACTA)
160163;TARQUI
160164;TENIENTE HUGO ORTIZ
160165;VERACRUZ (INDILLAMA) (CAB. EN INDILLAMA)
160166;EL TRIUNFO
160250;MERA
160251;MADRE TIERRA
160252;SHELL
160350;SANTA CLARA
160351;SAN JOSE
160450;ARAJUNO
160451;CURARAY
170150;QUITO
170151;ALANGASI
170152;AMAGUAÑA
170153;ATAHUALPA (HABASPAMBA)
170154;CALACALI
170155;CALDERON (CARAPUNGO)
170156;CONOCOTO
170157;CUMBAYA
170158;CHAVEZPAMBA
170159;CHECA (CHILPA)
170160;EL QUINCHE
170161;GUALEA
170162;GUANGOPOLO
170163;GUAYLLABAMBA
170164;LA MERCED
170165;LLANO CHICO
170166;LLOA
170168;NANEGAL
170169;NANEGALITO
170170;NAYON
170171;NONO
170172;PACTO
170174;PERUCHO
170175;PIFO
170176;PINTAG
170177;POMASQUI
170178;PUELLARO
170179;PUEMBO
170180;SAN ANTONIO
170181;SAN JOSE DE MINAS
170183;TABABELA
170184;TUMBACO
170185;YARUQUI
170186;ZAMBIZA
170250;CAYAMBE
170251;ASCAZUBI
170252;CANGAHUA
170253;OLMEDO (PESILLO)
170254;OTON
170255;SANTA ROSA DE CUZUBAMBA
170256;SAN JOSE DE AYORA
170350;MACHACHI
170351;ALOAG
170352;ALOASI
170353;CUTUGLAHUA
170354;EL CHAUPI
170355;MANUEL CORNEJO ASTORGA (TANDAPI)
170356;TAMBILLO
170357;UYUMBICHO
170450;TABACUNDO
170451;LA ESPERANZA
170452;MALCHINGUI
170453;TOCACHI
170454;TUPIGACHI
170550;SANGOLQUI
170551;COTOGCHOA
170552;RUMIPAMBA
170750;SAN MIGUEL DE LOS BANCOS
170751;MINDO
170850;PEDRO VICENTE MALDONADO
170950;PUERTO QUITO
180150;AMBATO
180151;AMBATILLO
180152;ATAHUALPA (CHISALATA)
180153;AUGUSTO N. MARTINEZ (MUNDUGLEO)
180154;CONSTANTINO FERNANDEZ (CAB. EN CULLITAHUA)
180155;HUACHI GRANDE
180156;IZAMBA
180157;JUAN BENIGNO VELA
180158;MONTALVO
180159;PASA
180160;PICAIGUA
180161;PILAGUIN (PILAHUIN)
180162;QUISAPINCHA (QUIZAPINCHA)
180163;SAN BARTOLOME DE PINLLO
180164;SAN FERNANDO (PASA SAN FERNANDO)
180165;SANTA ROSA
180166;TOTORAS
180167;CUNCHIBAMBA
180168;UNAMUNCHO
180250;BAÑOS DE AGUA SANTA
180251;LLIGUA
180252;RIO NEGRO
180253;RIO VERDE
180254;ULBA
180350;CEVALLOS
180450;MOCHA
180451;PINGUILI
180550;PATATE
180551;EL TRIUNFO
180552;LOS ANDES (CAB. EN POATUG)
180553;SUCRE (CAB. EN SUCRE-PATATE URCU)
180650;QUERO
180651;RUMIPAMBA
180652;YANAYACU- MOCHAPATA (CAB. EN YANAYACU)
180750;PELILEO
180751;BENITEZ (PACHANLICA)
180752;BOLIVAR
180753;COTALO
180754;CHIQUICHA (CAB. EN CHIQUICHA GRANDE)
180755;EL ROSARIO (RUMICHACA)
180756;GARCIA MORENO (CHUMAQUI)
180757;GUAMBALO (HUAMBALO)
180758;SALASACA
180850;PILLARO
180851;BAQUERIZO MORENO
180852;EMILIO MARIA TERAN (RUMIPAMBA)
180853;MARCOS ESPINEL (CHACATA)
180854;PRESIDENTE URBINA (CHAGRAPAMBA -PATZUCUL)
180855;SAN ANDRES
180856;SAN JOSE DE POALO
180857;SAN MIGUELITO
180950;TISALEO
180951;QUINCHICOTO
190150;ZAMORA
190151;CUMBARATZA
190152;GUADALUPE
190153;IMBANA (LA VICTORIA DE IMBANA)
190155;SABANILLA
190156;TIMBARA
190158;SAN CARLOS DE LAS MINAS
190250;ZUMBA
190251;CHITO
190252;EL CHORRO
190254;LA CHONTA
190256;PUCAPAMBA
190259;SAN ANDRES
190350;GUAYZIMI
190351;ZURMI
190352;NUEVO PARAISO
190450;28 DE MAYO (SAN JOSE DE YACUAMBI)
190451;LA PAZ
190452;TUTUPALI
190550;YANTZAZA (YANZATZA)
190551;CHICAÑA
190553;LOS ENCUENTROS
190650;EL PANGUI
190651;EL GUISME
190652;PACHICUTZA
190653;TUNDAYME
190750;ZUMBI
190752;TRIUNFO-DORADO
190753;PANGUINTZA
190850;PALANDA
190851;EL PORVENIR DEL CARMEN
190852;SAN FRANCISCO DEL VERGEL
190853;VALLADOLID
190854;LA CANELA
190950;PAQUISHA
190951;BELLAVISTA
190952;NUEVO QUITO
200150;PUERTO BAQUERIZO MORENO
200151;EL PROGRESO
200152;ISLA SANTA MAR═A (FLOREANA) (CAB. EN  PTO. VELASCO IBARR
200250;PUERTO VILLAMIL
200251;TOMAS DE BERLANGA (SANTO TOMAS)
200350;PUERTO AYORA
200351;BELLAVISTA
200352;SANTA ROSA
210150;NUEVA LOJA
210152;DURENO
210153;GENERAL FARFAN
210155;EL ENO
210156;PACAYACU
210157;JAMBELI
210158;SANTA CECILIA
210160;10 DE AGOSTO
210250;LUMBAQUI
210251;EL REVENTADOR
210252;GONZALO PIZARRO
210254;PUERTO LIBRE
210350;PUERTO EL CARMEN DEL PUTUMAYO
210351;PALMA ROJA
210352;PUERTO BOLIVAR (PUERTO MONTUFAR)
210353;PUERTO RODRIGUEZ
210354;SANTA ELENA
210450;SHUSHUFINDI
210451;LIMONCOCHA
210452;PAÑACOCHA
210453;SAN ROQUE (CAB. EN SAN VICENTE)
210454;SAN PEDRO DE LOS COFANES
210455;SIETE DE JULIO
210550;LA BONITA
210551;EL PLAYON DE SAN FRANCISCO
210552;LA SOFIA
210553;ROSA FLORIDA
210554;SANTA BARBARA
210650;EL DORADO DE CASCALES
210651;SANTA ROSA DE SUCUMBIOS
210652;SEVILLA
210750;TARAPOA
210751;CUYABENO
210752;AGUAS NEGRAS
220150;PUERTO FRANCISCO DE ORELLANA (EL COCA)
220151;DAYUMA
220152;TARACOA (NUEVA ESPERANZA: YUCA)
220153;ALEJANDRO LABAKA
220154;EL DORADO
220155;EL EDEN
220156;GARCIA MORENO
220157;INES ARANGO (CAB. EN WESTERN)
220158;LA BELLEZA
220159;NUEVO PARAISO (CAB. EN UNION )
220160;SAN JOSE DE GUAYUSA
220161;SAN LUIS DE ARMENIA
220250;NUEVO ROCAFUERTE
220251;CAPITAN AUGUSTO RIVADENEYRA
220252;CONONACO
220253;SANTA MARIA DE HUIRIRIMA
220254;TIPUTINI
220255;YASUNI
220350;LA JOYA DE LOS SACHAS
220351;ENOKANQUI
220352;POMPEYA
220353;SAN CARLOS
220354;SAN SEBASTIAN DEL COCA
220355;LAGO SAN PEDRO
220356;RUMIPAMBA
220357;TRES DE NOVIEMBRE
220358;UNION MILAGREÑA
220450;LORETO
220451;AVILA (CAB. EN HUIRUNO)
220452;PUERTO MURIALDO
220453;SAN JOSE DE PAYAMINO
220454;SAN JOSE DE DAHUANO
220455;SAN VICENTE DE HUATICOCHA
230150;SANTO DOMINGO DE LOS COLORADOS
230151;ALLURIQUIN
230152;PUERTO LIMON
230153;LUZ DE AMERICA
230154;SAN JACINTO DEL BUA
230155;VALLE HERMOSO
230156;EL ESFUERZO
230157;SANTA MARIA DEL TOACHI
230250;LA CONCORDIA
230251;MONTERREY
230252;LA VILLEGAS
230253;PLAN PILOTO
240150;SANTA ELENA
240151;ATAHUALPA
240152;COLONCHE
240153;CHANDUY
240154;MANGLARALTO
240155;SIMON BOLIVAR (JULIO MORENO)
240156;SAN JOSE DE ANCON
240250;LA LIBERTAD
240350;SALINAS
240351;ANCONCITO
240352;JOSE LUIS TAMAYO (MUEY)
900151;LAS GOLONDRINAS
900351;MANGA DEL CURA
900451;EL PIEDRERO
900551;SANTA ROSA DE AGUA CLARA
900651;JUVAL
900751;ABDON CALDERON
900851;MATILDE ESTHER
